rank,name,HI_TOTAAL_S.0,DR_AV_MATE_VAN_VERHARDING_V.0,DR_BS_GROEN_PUBLIEK_V.0,intervention_priority,priority_class
1,RK_Amsterdamse Poort,3.67,90.0,9.0,1.9076305220883536,Very High
2,RK_Markthallen,3.33,87.0,6.0,1.8363453815261044,Very High
3,RK_Balboaplein e0o0,3.67,82.0,11.0,1.820281124497992,Very High
4,RK_Spuistraat Noord,3.33,85.0,7.0,1.8072289156626506,Very High
5,RK_Spuistraat Zuid,3.5,83.0,12.0,1.7821285140562249,Very High
6,RK_Haveneiland Noord,3.42,80.0,6.0,1.7610441767068272,Very High
7,RK_Hercules Seghersbuurt,3.29,85.0,10.0,1.7550200803212852,Very High
8,RK_Nes e0o0,3.08,92.0,3.0,1.7228915662650601,Very High
9,RK_Nieuwendijk Noord,3.21,81.0,1.0,1.7168674698795183,Very High
10,RK_Haveneiland Noordwest,3.25,85.0,13.0,1.6746987951807228,Very High
11,RK_F-buurt,3.46,82.0,17.0,1.6666666666666667,Very High
12,RK_Kalverdriehoek,3.08,84.0,6.0,1.6616465863453815,Very High
13,RK_Nieuwe Kerk e0o0,2.96,99.0,1.0,1.6516064257028114,Very High
14,RK_Borgerbuurt,3.63,77.0,13.0,1.6475903614457832,Very High
15,RK_Bellamybuurt Zuid,3.21,82.0,12.0,1.641566265060241,Very High
16,RK_Haarlemmerbuurt West,3.04,86.0,9.0,1.6345381526104417,Very High
17,RK_Noordwestkwadrant Indische buurt Zuid,3.13,83.0,11.0,1.6285140562248996,Very High
18,RK_Dapperbuurt Zuid,3.54,82.0,21.0,1.607429718875502,Very High
19,RK_Haveneiland Noordoost,3.33,79.0,14.0,1.6004016064257027,Very High
20,RK_Fannius Scholtenbuurt,3.0,84.0,8.0,1.5903614457831325,Very High
21,RK_Frederik Hendrikbuurt Zuidoost,3.29,78.0,12.0,1.5903614457831323,Very High
22,RK_Steigereiland Zuid,3.29,85.0,20.0,1.571285140562249,Very High
23,RK_RI Oost terrein,3.08,85.0,15.0,1.5451807228915662,Very High
24,RK_Oosterparkbuurt Noordwest,3.08,83.0,14.0,1.53714859437751,Very High
25,RK_Jan Maijenbuurt,3.42,81.0,21.0,1.535140562248996,Very High
26,RK_Leidsebuurt Zuidoost,3.33,76.0,13.0,1.535140562248996,Very High
27,RK_Blauwe Zand,3.42,83.0,23.0,1.533132530120482,Very High
28,RK_Zuidas Zuid,2.92,90.0,11.0,1.5261044176706828,Very High
29,RK_De Bongerd,3.08,78.0,8.0,1.5261044176706828,Very High
30,RK_Anjeliersbuurt Noord,3.0,85.0,13.0,1.525100401606426,Very High
31,RK_Haveneiland Oost,3.58,76.0,19.0,1.5190763052208835,Very High
32,RK_Hemelrijk,2.92,83.0,8.0,1.5150602409638554,Very High
33,RK_Zuidwestkwadrant Indische buurt,3.33,78.0,18.0,1.5130522088353413,Very High
34,RK_Olympisch Stadion e0o0,3.71,76.0,20.0,1.5090361445783134,Very High
35,RK_Centrumeiland,2.79,92.0,0.0,1.508032128514056,Very High
36,RK_Amstelkwartier Zuid,3.04,86.0,17.0,1.507028112449799,Very High
37,RK_Buikslotermeerplein,3.46,80.0,23.0,1.4849397590361444,Very High
38,RK_Grunder/Koningshoef,3.13,81.0,17.0,1.4819277108433735,Very High
39,RK_Willibrordusbuurt,3.04,78.0,10.0,1.4819277108433733,Very High
40,RK_Anjeliersbuurt Zuid,2.96,81.0,11.0,1.469879518072289,Very High
41,RK_Laan van Spartaan,3.67,79.0,25.0,1.467871485943775,Very High
42,RK_Reguliersbuurt,2.79,86.0,6.0,1.4608433734939759,Very High
43,RK_Vogeltjeswei,3.17,81.0,20.0,1.4427710843373491,Very High
44,RK_Kolenkitbuurt Zuid,3.29,78.0,20.0,1.441767068273092,Very High
45,RK_Elandsgrachtbuurt,3.0,80.0,13.0,1.4387550200803214,Very High
46,RK_Transvaalbuurt West,3.46,77.0,22.0,1.4377510040160644,Very High
47,RK_Oostpoort,3.42,82.0,26.0,1.4377510040160641,Very High
48,RK_Noordwestkwadrant Indische buurt Noord,3.13,78.0,16.0,1.4347389558232932,Very High
49,RK_Begijnhofbuurt,2.79,95.0,11.0,1.426706827309237,Very High
50,RK_Schipluidenbuurt,2.92,85.0,15.0,1.426706827309237,Very High
51,RK_Spaarndammerbuurt Noordoost,3.17,75.0,13.0,1.4216867469879517,Very High
52,RK_Overtoomse Veld Noord,3.54,79.0,26.0,1.4196787148594379,Very High
53,RK_Hoofdcentrum Zuidoost,2.79,88.0,12.0,1.391566265060241,Very High
54,RK_Spaarndammerbuurt Midden,3.04,81.0,19.0,1.390562248995984,Very High
55,RK_Nieuwmarkt,3.17,75.0,15.0,1.3895582329317266,Very High
56,RK_Vondelparkbuurt West,2.83,82.0,11.0,1.3875502008032128,Very High
57,RK_Zaagpoortbuurt,3.0,81.0,18.0,1.3805220883534137,Very High
58,RK_Bloemgrachtbuurt,2.96,80.0,15.0,1.3734939759036144,Very High
59,RK_Oude Kerk e0o0,2.71,93.0,7.0,1.3624497991967872,Very High
60,RK_Johannnes Vermeerbuurt,2.79,84.0,12.0,1.359437751004016,Very High
61,RK_Cremerbuurt West,3.08,77.0,17.0,1.3564257028112452,Very High
62,RK_Hoptille,3.54,79.0,29.0,1.356425702811245,Very High
63,RK_Weteringbuurt,2.88,79.0,12.0,1.3433734939759034,Very High
64,RK_Robert Scottbuurt Oost,2.92,79.0,15.0,1.3232931726907629,Very High
65,RK_Columbusplein e0o0,3.29,72.0,19.0,1.319277108433735,Very High
66,RK_Marathonbuurt West,3.21,75.0,20.0,1.319277108433735,Very High
67,RK_Amstel III deel A/B Zuid,3.0,80.0,20.0,1.3122489959839356,Very High
68,RK_Planciusbuurt Noord,3.38,66.0,12.0,1.3122489959839356,Very High
69,RK_Burgemeester Tellegenbuurt Oost,3.0,77.0,17.0,1.3042168674698795,Very High
70,RK_Spaarndammerbuurt Zuidwest,3.29,79.0,27.0,1.2931726907630523,Very High
71,RK_Robert Scottbuurt West,3.29,74.0,22.0,1.292168674698795,Very High
72,RK_Filips van Almondekwartier,2.96,76.0,14.0,1.28714859437751,Very High
73,RK_Overtoomse Veld Zuid,3.46,77.0,28.0,1.284136546184739,Very High
74,RK_De Wester Quartier,3.04,69.0,6.0,1.283132530120482,Very High
75,RK_K-buurt Zuidwest,3.17,78.0,24.0,1.2821285140562249,Very High
76,RK_Vogelbuurt Zuid,3.5,74.0,26.0,1.2710843373493976,Very High
77,RK_Waterloopleinbuurt,2.84,78.0,13.0,1.2710843373493974,Very High
78,RK_Westhaven Zuid,2.67,85.0,10.0,1.2600401606425702,Very High
79,RK_Oosterparkbuurt Zuidwest,2.96,78.0,20.0,1.2359437751004014,Very High
80,RK_Papaverweg e0o0,2.96,74.0,14.0,1.2359437751004014,Very High
81,RK_Kortvoort,3.29,77.0,27.0,1.2359437751004014,Very High
82,RK_Bosleeuw,3.42,75.0,27.0,1.2359437751004014,Very High
83,RK_Leidsebuurt Noordoost,2.67,82.0,9.0,1.2309236947791165,Very High
84,RK_Kortenaerkwartier,2.96,71.0,11.0,1.2289156626506024,Very High
85,RK_Amstel III deel A/B Noord,2.79,81.0,17.0,1.2248995983935742,Very High
86,RK_Lizzy Ansinghbuurt,2.88,79.0,19.0,1.2228915662650601,Very High
87,RK_Sloterdijk II,2.75,85.0,18.0,1.2198795180722892,Very High
88,RK_Dapperbuurt Noord,3.38,73.0,26.0,1.2058232931726909,Very High
89,RK_Belgiëplein e0o0,2.75,83.0,19.0,1.178714859437751,Very High
90,RK_Overhoeks,3.46,55.0,8.0,1.1656626506024097,Very High
91,RK_Driehoekbuurt,2.63,82.0,11.0,1.1646586345381527,Very High
92,RK_Vivaldi,2.75,77.0,12.0,1.1606425702811245,Very High
93,RK_K-buurt Midden,3.38,74.0,30.0,1.1516064257028111,Very High
94,RK_Marnixbuurt Midden,2.84,68.0,3.0,1.1244979919678715,Very High
95,RK_Oostelijke Handelskade,3.29,57.0,9.0,1.1194779116465865,Very High
96,RK_De Aker Oost,3.67,68.0,28.0,1.1014056224899598,Very High
97,RK_Leeuwenveld,2.75,79.0,19.0,1.0973895582329318,Very High
98,RK_Schinkelbuurt Zuid,3.38,67.0,24.0,1.0923694779116466,Very High
99,RK_K-buurt Zuidoost,3.0,75.0,25.0,1.0672690763052208,Very High
100,RK_Middeneiland Zuidwest,2.08,99.0,0.0,1.0592369477911647,Very High
101,RK_Kolenkitbuurt Noord,3.42,71.0,32.0,1.0582329317269077,High
102,RK_Valkenburg,2.58,79.0,11.0,1.0502008032128514,High
103,RK_Marathonbuurt Oost,3.08,75.0,28.0,1.0431726907630523,High
104,RK_Cornelis Troostbuurt,2.79,75.0,19.0,1.039156626506024,High
105,RK_Czaar Peterbuurt,2.75,82.0,24.0,1.03714859437751,High
106,RK_Kop Zeedijk,2.67,72.0,5.0,1.0321285140562249,High
107,RK_Hondecoeterbuurt,2.71,81.0,21.0,1.0311244979919678,High
108,RK_E-buurt,3.33,72.0,34.0,1.0261044176706828,High
109,RK_Middelveldsche Akerpolder,3.5,70.0,34.0,1.0261044176706828,High
110,RK_Westerdokseiland,3.29,44.0,4.0,1.0170682730923695,High
111,RK_Spaarndammerbuurt Noordwest,3.0,70.0,22.0,1.0170682730923695,High
112,RK_Bedrijvengebied Veelaan,2.67,78.0,17.0,1.0130522088353413,High
113,RK_Osdorpplein e0o0,3.5,61.0,23.0,1.0110441767068274,High
114,RK_Rietlanden,3.17,65.0,21.0,1.0110441767068272,High
115,RK_Legmeerpleinbuurt,2.67,77.0,15.0,1.0100401606425702,High
116,RK_Strandeiland,1.71,100.0,0.0,1.0100401606425702,High
117,RK_Middeneiland Zuidoost,1.71,100.0,0.0,1.0100401606425702,High
118,RK_Burgwallen Oost,2.54,81.0,14.0,1.0040160642570282,High
119,RK_De Punt,3.63,69.0,35.0,1.002008032128514,High
120,RK_Haveneiland Zuidwest/Rieteiland West,3.46,69.0,33.0,1.0,High
121,RK_Julianapark,2.83,77.0,24.0,1.0,High
122,RK_Loenermark,3.38,70.0,33.0,0.998995983935743,High
123,RK_Duivelseiland,2.46,82.0,13.0,0.9989959839357428,High
124,RK_Swammerdambuurt,2.75,70.0,12.0,0.9809236947791166,High
125,RK_Burgemeester Tellegenbuurt West,2.83,73.0,21.0,0.9759036144578315,High
126,RK_Transvaalbuurt Oost,2.92,75.0,26.0,0.9728915662650601,High
127,RK_Pieter van der Doesbuurt,2.79,76.0,23.0,0.9688755020080323,High
128,RK_Houthavens West,3.21,47.0,8.0,0.9678714859437751,High
129,RK_Lucas/Andreasziekenhuis e0o0,2.96,77.0,31.0,0.964859437751004,High
130,RK_Oosterparkbuurt Zuidoost,2.88,74.0,24.0,0.963855421686747,High
131,RK_Buurt 9,3.5,67.0,33.0,0.9628514056224899,High
132,RK_Zuiderhof,2.71,76.0,19.0,0.9608433734939761,High
133,RK_Borneo,3.17,45.0,5.0,0.9588353413654619,High
134,RK_Oostenburg,2.88,70.0,20.0,0.9578313253012049,High
135,RK_Van der Helstpleinbuurt,2.71,81.0,24.0,0.9578313253012047,High
136,RK_RAI,2.29,89.0,15.0,0.9467871485943776,High
137,RK_Concertgebouwbuurt,2.42,81.0,13.0,0.9437751004016065,High
138,RK_Zuidoostkwadrant Indische buurt,2.96,76.0,31.0,0.9387550200803214,High
139,RK_Bellamybuurt Noord,3.0,68.0,23.0,0.9367469879518074,High
140,RK_Staalmanbuurt,3.13,72.0,33.0,0.929718875502008,High
141,RK_Frans Halsbuurt,2.92,71.0,24.0,0.929718875502008,High
142,RK_Gaasperdam Zuid,3.04,73.0,31.0,0.929718875502008,High
143,RK_Herensingelkwartier,2.38,78.0,9.0,0.928714859437751,High
144,RK_Buurt 5 Zuid,3.54,68.0,37.0,0.9257028112449799,High
145,RK_Lootsbuurt,2.71,68.0,9.0,0.9196787148594379,High
146,RK_Tuindorp Nieuwendam West,3.29,70.0,35.0,0.9196787148594376,High
147,RK_Zeeburgereiland Noordoost,2.75,76.0,23.0,0.9176706827309237,High
148,RK_VU-kwartier,2.67,81.0,24.0,0.9146586345381527,High
149,RK_Buiksloterham,3.04,51.0,6.0,0.9146586345381525,High
150,RK_Rijnbuurt West,2.96,71.0,26.0,0.9126506024096386,High
151,RK_Reigersbos Midden,3.29,71.0,38.0,0.9006024096385541,High
152,RK_Zeeburgereiland Noordwest,2.75,72.0,20.0,0.8925702811244981,High
153,RK_De Wittenbuurt Noord,2.92,66.0,20.0,0.8855421686746988,High
154,RK_Hemonybuurt,2.79,67.0,16.0,0.8855421686746987,High
155,RK_Buyskade e0o0,3.08,68.0,27.0,0.8825301204819277,High
156,RK_Noordoostkwadrant Indische buurt,3.04,71.0,31.0,0.8815261044176705,High
157,RK_Cremerbuurt Oost,2.46,77.0,13.0,0.8775100401606427,High
158,RK_Da Costabuurt Zuid,2.83,66.0,17.0,0.8765060240963856,High
159,RK_Bedrijventerrein Hamerstraat,2.79,61.0,6.0,0.8714859437751004,High
160,RK_De Eenhoorn,2.71,79.0,26.0,0.8694779116465863,High
161,RK_Gerard Doubuurt,2.63,78.0,22.0,0.8634538152610443,High
162,RK_Westelijke eilanden,3.21,58.0,22.0,0.8594377510040161,High
163,RK_Rembrandtpleinbuurt,2.79,69.0,20.0,0.855421686746988,High
164,RK_Lastage,2.88,62.0,14.0,0.8493975903614458,High
165,RK_Teleport,2.71,78.0,26.0,0.8433734939759037,High
166,RK_Gibraltarbuurt,3.13,69.0,33.0,0.8413654618473896,High
167,RK_Marnixbuurt Noord,2.96,64.0,21.0,0.8413654618473896,High
168,RK_Holendrecht West,3.25,71.0,40.0,0.8393574297188755,High
169,RK_De Aker West,3.46,63.0,33.0,0.8373493975903616,High
170,RK_Amstel III deel C/D Noord,2.5,81.0,22.0,0.8323293172690762,High
171,RK_Kromme Mijdrechtbuurt,2.58,76.0,19.0,0.8253012048192772,High
172,RK_Leidsebuurt Noordwest,2.0,82.0,14.0,0.8232931726907631,High
173,RK_Frederik Hendrikbuurt Zuidwest,3.29,61.0,27.0,0.8202811244979921,High
174,RK_Scheldebuurt West,2.88,73.0,30.0,0.8192771084337351,High
175,RK_BG-terrein e0o0,2.29,77.0,12.0,0.819277108433735,High
176,RK_Oosterdokseiland,2.92,49.0,4.0,0.8192771084337349,High
177,RK_Elzenhagen Noord,3.29,62.0,28.0,0.8192771084337348,High
178,RK_Terrasdorp,3.21,65.0,31.0,0.8182730923694779,High
179,RK_G-buurt West,3.0,70.0,31.0,0.8182730923694779,High
180,RK_Zuidwestkwadrant Osdorp Noord,3.33,66.0,36.0,0.8162650602409638,High
181,RK_NDSM terrein,2.96,46.0,6.0,0.8132530120481927,High
182,RK_Utrechtsebuurt Zuid,2.88,70.0,26.0,0.8112449799196788,High
183,RK_Uilenburg,2.71,68.0,16.0,0.8092369477911647,High
184,RK_Amstel III deel C/D Zuid,2.04,85.0,18.0,0.8062248995983936,High
185,RK_Sporenburg,3.13,36.0,11.0,0.8062248995983935,High
186,RK_WG-terrein,3.08,70.0,35.0,0.7991967871485945,High
187,RK_Orteliusbuurt Noord,2.71,78.0,28.0,0.7951807228915663,High
188,RK_Nieuw Sloten Zuidwest,2.67,75.0,23.0,0.7951807228915663,High
189,RK_Meer en Oever,3.46,64.0,37.0,0.7881526104417671,High
190,RK_Zeeheldenbuurt,2.33,76.0,13.0,0.7851405622489961,High
191,RK_Landlust Zuid,3.0,67.0,28.0,0.782128514056225,High
192,RK_Entrepot-Noordwest,3.0,65.0,26.0,0.7781124497991969,High
193,RK_Tuindorp Oostzaan Oost,3.54,67.0,45.0,0.7720883534136548,High
194,RK_Groenmarktkadebuurt,2.71,63.0,10.0,0.7720883534136547,High
195,RK_Planciusbuurt Zuid,2.96,60.0,20.0,0.7680722891566264,High
196,RK_Marnixbuurt Zuid,2.63,70.0,17.0,0.7600401606425704,High
197,RK_Louis Chrispijnbuurt,3.46,64.0,39.0,0.7580321285140563,High
198,RK_Zuidwestkwadrant Osdorp Zuid,3.29,65.0,37.0,0.7469879518072289,High
199,RK_Vondelparkbuurt Midden,2.54,72.0,17.0,0.7469879518072289,High
200,RK_Westerstaatsman,2.54,77.0,23.0,0.7319277108433736,Medium
201,RK_Haarlemmerbuurt Oost,2.54,77.0,23.0,0.7319277108433736,Medium
202,RK_Buurt 8,3.5,63.0,40.0,0.7218875502008031,Medium
203,RK_Buurt 3,3.25,66.0,39.0,0.7208835341365463,Medium
204,RK_Trompbuurt,2.71,72.0,25.0,0.720883534136546,Medium
205,RK_Weesperbuurt,3.0,59.0,23.0,0.7148594377510041,Medium
206,RK_IJplein e0o0,3.67,39.0,26.0,0.714859437751004,Medium
207,RK_Weespertrekvaart,2.71,75.0,28.0,0.7118473895582328,Medium
208,RK_Minervabuurt Midden,2.5,77.0,23.0,0.7098393574297189,Medium
209,RK_Minervabuurt Zuid,2.63,73.0,23.0,0.7078313253012049,Medium
210,RK_Linnaeusparkbuurt,2.58,74.0,22.0,0.7048192771084338,Medium
211,RK_Landlust Noord,2.75,73.0,29.0,0.7048192771084336,Medium
212,RK_Leidsebuurt Zuidwest,2.54,73.0,20.0,0.7028112449799196,Medium
213,RK_P0C0 Hooftbuurt,2.29,78.0,20.0,0.7018072289156626,Medium
214,RK_Bedrijvengebied Cruquiusweg,2.75,54.0,6.0,0.6997991967871486,Medium
215,RK_Scheldebuurt Oost,2.92,71.0,36.0,0.6937751004016064,Medium
216,RK_De Wittenbuurt Zuid,2.92,59.0,21.0,0.6937751004016064,Medium
217,RK_Osdorp Midden Noord,3.54,64.0,45.0,0.6927710843373495,Medium
218,RK_Paramariboplein e0o0,2.71,70.0,24.0,0.6827309236947792,Medium
219,RK_Leliegracht e0o0,2.79,65.0,23.0,0.681726907630522,Medium
220,RK_Amstelkwartier Noord,2.63,67.0,17.0,0.678714859437751,Medium
221,RK_IJselbuurt Oost,2.67,66.0,18.0,0.6767068273092369,Medium
222,RK_Betondorp,2.92,69.0,34.0,0.6746987951807231,Medium
223,RK_Scheldebuurt Midden,2.75,73.0,31.0,0.6746987951807228,Medium
224,RK_Circus/Kermisbuurt,3.04,67.0,36.0,0.6736947791164658,Medium
225,RK_Banpleinbuurt,2.71,70.0,25.0,0.6606425702811245,Medium
226,RK_Passeerdersgrachtbuurt,2.5,71.0,19.0,0.6606425702811245,Medium
227,RK_Schinkelbuurt Noord,2.5,75.0,23.0,0.6576305220883534,Medium
228,RK_Diamantbuurt,2.71,63.0,17.0,0.6546184738955824,Medium
229,RK_Orteliusbuurt Midden,2.67,75.0,29.0,0.6536144578313252,Medium
230,RK_Hogewey Midden,2.75,75.0,35.0,0.6485943775100402,Medium
231,RK_Bedrijvencentrum Osdorp,2.63,77.0,31.0,0.6335341365461848,Medium
232,RK_Gelderlandpleinbuurt,3.25,65.0,43.0,0.6335341365461847,Medium
233,RK_Schildersbuurt,2.79,72.0,35.0,0.6325301204819276,Medium
234,RK_Gein Zuidwest,2.92,68.0,35.0,0.6275100401606426,Medium
235,RK_Banne Zuidoost,3.38,62.0,42.0,0.6214859437751004,Medium
236,RK_Aalsmeerwegbuurt Oost,2.59,75.0,27.0,0.6144578313253012,Medium
237,RK_Surinamepleinbuurt,2.71,69.0,26.0,0.6044176706827311,Medium
238,RK_Gooise Kant,2.75,68.0,27.0,0.604417670682731,Medium
239,RK_Helmersbuurt Oost,2.46,75.0,24.0,0.6024096385542168,Medium
240,RK_Osdorp Zuidoost,3.5,60.0,44.0,0.5993975903614458,Medium
241,RK_Van der Pekbuurt,3.13,61.0,35.0,0.5933734939759034,Medium
242,RK_Erasmusparkbuurt Oost,2.67,70.0,26.0,0.5893574297188755,Medium
243,RK_Delflandpleinbuurt Oost,3.0,66.0,38.0,0.5873493975903614,Medium
244,RK_Calandlaan/Lelylaan,3.21,63.0,41.0,0.5803212851405624,Medium
245,RK_Kadijken,2.71,65.0,23.0,0.5773092369477911,Medium
246,RK_Vervoerscentrum,2.13,80.0,25.0,0.5763052208835342,Medium
247,RK_Jacques Veltmanbuurt,3.17,65.0,44.0,0.575301204819277,Medium
248,RK_Marjoleinterrein,2.83,68.0,34.0,0.5742971887550201,Medium
249,RK_Gein Noordwest,3.17,63.0,40.0,0.5742971887550199,Medium
250,RK_Felix Meritisbuurt,2.63,67.0,22.0,0.571285140562249,Medium
251,RK_Buurt 6,3.21,63.0,42.0,0.5692771084337351,Medium
252,RK_Sarphatiparkbuurt,2.79,71.0,37.0,0.5672690763052208,Medium
253,RK_Orteliusbuurt Zuid,2.84,67.0,34.0,0.5632530120481929,Medium
254,RK_Staatsliedenbuurt Noordoost,2.83,65.0,30.0,0.5622489959839356,Medium
255,RK_Medisch Centrum Slotervaart,2.75,75.0,40.0,0.5572289156626506,Medium
256,RK_Weesperzijde Midden/Zuid,2.88,60.0,26.0,0.5542168674698795,Medium
257,RK_Delflandpleinbuurt West,2.92,67.0,38.0,0.5461847389558232,Medium
258,RK_Jacob Geelbuurt,3.21,63.0,44.0,0.5421686746987954,Medium
259,RK_Wildeman,3.63,58.0,49.0,0.5301204819277109,Medium
260,RK_Noordoever Sloterplas,3.17,59.0,38.0,0.5281124497991967,Medium
261,RK_Van Tuyllbuurt,2.71,71.0,34.0,0.5240963855421688,Medium
262,RK_Nieuw Sloten Zuidoost,2.71,70.0,32.0,0.5200803212851406,Medium
263,RK_John Franklinbuurt,2.79,66.0,32.0,0.5180722891566265,Medium
264,RK_Bedrijventerrein Sloterdijk I,2.46,81.0,36.0,0.5140562248995983,Medium
265,RK_Van Brakelkwartier,2.88,59.0,27.0,0.5080321285140562,Medium
266,RK_Middenmeer Zuid,2.79,69.0,37.0,0.5050200803212852,Medium
267,RK_Zuidas Noord,2.59,73.0,31.0,0.5040160642570282,Medium
268,RK_Da Costabuurt Noord,2.71,65.0,26.0,0.4989959839357429,Medium
269,RK_Bloemenbuurt Noord,3.17,62.0,44.0,0.4919678714859438,Medium
270,RK_Venserpolder West,3.25,60.0,44.0,0.4919678714859438,Medium
271,RK_Buurt 7,3.29,61.0,48.0,0.48795180722891573,Medium
272,RK_Steigereiland Noord,3.13,49.0,31.0,0.4879518072289156,Medium
273,RK_Gaasperdam Noord,2.96,65.0,41.0,0.47088353413654604,Medium
274,RK_Vondelparkbuurt Oost,2.21,74.0,24.0,0.4698795180722891,Medium
275,RK_Andreasterrein,3.17,53.0,36.0,0.4678714859437749,Medium
276,RK_Spiegelbuurt,2.46,66.0,20.0,0.464859437751004,Medium
277,RK_Valeriusbuurt West,2.58,72.0,31.0,0.463855421686747,Medium
278,RK_Parooldriehoek,2.79,70.0,41.0,0.46285140562248994,Medium
279,RK_Museumplein,2.71,69.0,34.0,0.4618473895582331,Medium
280,RK_Nieuw Sloten Noordoost,3.0,62.0,39.0,0.46084337349397586,Medium
281,RK_Twiske West,2.88,60.0,31.0,0.46084337349397586,Medium
282,RK_Banne Zuidwest,3.83,54.0,52.0,0.45783132530120474,Medium
283,RK_Sloterdijk III West,2.63,70.0,31.0,0.4538152610441768,Medium
284,RK_Zuiderkerkbuurt,2.25,68.0,19.0,0.4518072289156627,Medium
285,RK_Houthavens Oost,2.75,7.0,6.0,0.44477911646586343,Medium
286,RK_Science Park Noord,2.71,73.0,41.0,0.4407630522088355,Medium
287,RK_Valeriusbuurt Oost,2.33,73.0,26.0,0.44076305220883544,Medium
288,RK_Het Funen,2.88,62.0,35.0,0.42971887550200805,Medium
289,RK_Van Loonbuurt,2.58,63.0,21.0,0.42971887550200805,Medium
290,RK_Sarphatistrook,2.42,70.0,25.0,0.42369477911646586,Medium
291,RK_Sloterdijk III Oost,1.83,74.0,23.0,0.4226907630522089,Medium
292,RK_Cornelis Schuytbuurt,2.46,72.0,29.0,0.4216867469879518,Medium
293,RK_Leidsegracht Zuid,2.34,68.0,22.0,0.41967871485943786,Medium
294,RK_Rapenburg,2.63,48.0,12.0,0.4196787148594377,Medium
295,RK_Gouden Bocht,2.54,64.0,22.0,0.4186746987951807,Medium
296,RK_Ecowijk,2.79,66.0,38.0,0.4126506024096386,Medium
297,RK_Harmoniehofbuurt,2.5,62.0,19.0,0.40963855421686746,Medium
298,RK_Kelbergen,2.92,63.0,40.0,0.39859437751004,Medium
299,RK_Westlandgrachtbuurt,2.83,61.0,34.0,0.39156626506024095,Medium
300,RK_Reigersbos Noord,3.04,63.0,48.0,0.38955823293172687,Low
301,RK_Buurt 4 Oost,3.17,59.0,48.0,0.3855421686746987,Low
302,RK_Nieuwendammerdijk West,2.88,56.0,32.0,0.37851405622489964,Low
303,RK_Venserpolder Oost,3.0,63.0,47.0,0.3744979919678715,Low
304,RK_Java-eiland,3.09,18.0,27.0,0.36646586345381527,Low
305,RK_Wielingenbuurt,2.25,70.0,25.0,0.3584337349397591,Low
306,RK_Leidsegracht Noord,2.59,63.0,25.0,0.35240963855421686,Low
307,RK_Stationsplein e0o0,2.25,52.0,2.0,0.34437751004016065,Low
308,RK_Hakfort/Huigenbos,3.13,56.0,45.0,0.3443775100401606,Low
309,RK_Bloemenbuurt Zuid,3.09,60.0,50.0,0.33534136546184745,Low
310,RK_Tuindorp Nieuwendam Oost,3.21,55.0,49.0,0.33333333333333337,Low
311,RK_Riekerpolder,2.63,71.0,40.0,0.32530120481927716,Low
312,RK_Buurt 2,3.34,54.0,56.0,0.3242971887550201,Low
313,RK_Park de Meer,3.04,56.0,44.0,0.3082329317269076,Low
314,RK_Tuindorp Amstelstation,2.88,63.0,44.0,0.3082329317269076,Low
315,RK_Spaarndammerbuurt Zuidoost,2.59,65.0,30.0,0.30722891566265065,Low
316,RK_Werengouw Midden,3.13,57.0,50.0,0.3032128514056224,Low
317,RK_Aalsmeerwegbuurt West,2.46,70.0,33.0,0.3002008032128515,Low
318,RK_Don Bosco,2.38,71.0,32.0,0.2991967871485943,Low
319,RK_Coenhaven/Mercuriushaven,2.63,43.0,17.0,0.2981927710843374,Low
320,RK_Kop Zuidas,2.33,74.0,35.0,0.2961847389558232,Low
321,RK_Westhaven Noord,2.54,60.0,23.0,0.29518072289156627,Low
322,RK_Zeeburgereiland Zuidoost,2.21,68.0,25.0,0.2921686746987952,Low
323,RK_IJsbaanpad e0o0,2.92,55.0,38.0,0.28915662650602414,Low
324,RK_De Kleine Wereld,3.25,52.0,52.0,0.285140562248996,Low
325,RK_Bijlmermuseum Noord,3.42,45.0,53.0,0.2841365461847388,Low
326,RK_Park Haagseweg,2.63,67.0,36.0,0.2801204819277108,Low
327,RK_Bedrijvengebied Zeeburgerkade,2.63,44.0,19.0,0.2680722891566265,Low
328,RK_Middenmeer Noord,2.54,68.0,35.0,0.25602409638554224,Low
329,RK_Diepenbrockbuurt,2.54,63.0,27.0,0.2550200803212851,Low
330,RK_Johan Jongkindbuurt,2.59,67.0,36.0,0.24799196787148592,Low
331,RK_Den Texbuurt,2.75,61.0,37.0,0.24598393574297184,Low
332,RK_Buurt 5 Noord,3.13,55.0,54.0,0.23594377510040154,Low
333,RK_Rode Kruisbuurt,2.79,64.0,47.0,0.2299196787148594,Low
334,RK_Architectenbuurt,2.63,56.0,26.0,0.22690763052208834,Low
335,RK_Mercatorpark,3.17,55.0,59.0,0.22590361445783136,Low
336,RK_G-buurt Noord,3.04,54.0,48.0,0.22389558232931717,Low
337,RK_Twiske Oost,2.79,60.0,40.0,0.22389558232931717,Low
338,RK_Dichtersbuurt,2.75,64.0,44.0,0.21285140562249005,Low
339,RK_Osdorp Midden Zuid,3.29,47.0,57.0,0.2118473895582328,Low
340,RK_Bedrijventerrein Landlust,2.38,66.0,29.0,0.2078313253012048,Low
341,RK_Bertelmanpleinbuurt,2.63,64.0,36.0,0.20080321285140557,Low
342,RK_Wittenburg,2.88,49.0,37.0,0.19477911646586343,Low
343,RK_Kazernebuurt,2.79,58.0,40.0,0.18975903614457823,Low
344,RK_Markengouw Midden,2.96,57.0,51.0,0.18172690763052213,Low
345,RK_Reigersbos Zuid,3.08,52.0,54.0,0.16465863453815266,Low
346,RK_Zuid II,2.84,54.0,41.0,0.15662650602409633,Low
347,RK_Nieuw Sloten Noordwest,2.79,61.0,47.0,0.15461847389558225,Low
348,RK_Molenwijk,3.54,36.0,70.0,0.15160642570281124,Low
349,RK_Buurt 10,2.88,56.0,47.0,0.14457831325301207,Low
350,RK_De Omval,2.54,61.0,31.0,0.14457831325301207,Low
351,RK_Langestraat e0o0,2.29,64.0,28.0,0.13554216867469882,Low
352,RK_Slotermeer Zuid,3.13,52.0,64.0,0.13353413654618485,Low
353,RK_Frederik Hendrikbuurt Noord,2.67,60.0,37.0,0.12851405622489953,Low
354,RK_D-buurt,2.75,59.0,42.0,0.12550200803212852,Low
355,RK_Frederikspleinbuurt,2.63,63.0,39.0,0.1224899598393574,Low
356,RK_Rieteiland Oost,2.59,68.0,47.0,0.11546184738955823,Low
357,RK_IJselbuurt West,2.38,66.0,35.0,0.10642570281124497,Low
358,RK_De Klenckebuurt,2.17,71.0,39.0,0.10542168674698793,Low
359,RK_Centrum,2.83,54.0,44.0,0.10140562248995988,Low
360,RK_Petroleumhaven,2.08,52.0,18.0,0.09437751004016065,Low
361,RK_Alfa-driehoek,2.08,72.0,40.0,0.0843373493975903,Low
362,RK_Elzenhagen Zuid,2.75,58.0,44.0,0.08232931726907633,Low
363,RK_Koningin Wilhelminaplein,2.67,64.0,47.0,0.08232931726907622,Low
364,RK_Marine-Etablissement,2.59,43.0,25.0,0.08132530120481929,Low
365,RK_Buitenveldert Zuidwest,2.92,54.0,53.0,0.08132530120481929,Low
366,RK_Vogelbuurt Noord,3.0,48.0,53.0,0.08132530120481929,Low
367,RK_Scheepvaarthuisbuurt,2.29,37.0,16.0,0.07429718875502012,Low
368,RK_Aetsveld Zuid,2.71,62.0,47.0,0.06927710843373491,Low
369,RK_Kadoelen,3.08,41.0,55.0,0.06425702811244993,Low
370,RK_Bijlmermuseum Zuid,3.09,42.0,60.0,0.04819277108433728,Low
371,RK_Rechte H-buurt,2.88,54.0,53.0,0.04718875502008035,Low
372,RK_Aetsveld Noord,2.59,65.0,46.0,0.04618473895582331,Low
373,RK_Banne Noordwest,3.17,39.0,65.0,0.04317269076305219,Low
374,RK_Bedrijventerrein Schinkel,2.46,66.0,42.0,0.03313253012048201,Low
375,RK_Bedrijvencentrum Westerkwartier,2.25,64.0,34.0,0.027108433734939763,Low
376,RK_Postjeskade e0o0,2.63,60.0,41.0,0.016064257028112428,Low
377,RK_Holendrecht Oost,2.88,51.0,53.0,0.007028112449799173,Low
378,RK_Riekerhaven,2.5,62.0,39.0,0.0010040160642570406,Low
379,RK_Willemsparkbuurt Noord,2.21,65.0,36.0,-0.002008032128514081,Low
380,RK_Amerikahaven,1.96,57.0,25.0,-0.017068273092369468,Low
381,RK_Bedrijventerrein Noord,2.13,71.0,47.0,-0.01807228915662651,Low
382,RK_Hogewey Zuid,2.83,40.0,44.0,-0.02108433734939763,Low
383,RK_Tuindorp Frankendael,2.67,61.0,50.0,-0.032128514056224966,Low
384,RK_Zuid I,2.33,64.0,39.0,-0.03614457831325302,Low
385,RK_Van der Kunbuurt,2.42,58.0,34.0,-0.03815261044176699,Low
386,RK_Banne Noordoost,2.96,43.0,59.0,-0.04016064257028107,Low
387,RK_Huntum,2.58,57.0,39.0,-0.04216867469879515,Low
388,RK_Sportpark Voorland,1.96,60.0,28.0,-0.04518072289156627,Low
389,RK_Amstelveldbuurt,2.46,54.0,34.0,-0.07429718875502006,Low
390,RK_G-buurt Oost,3.13,30.0,75.0,-0.07429718875502012,Low
391,RK_Beethovenbuurt,2.42,64.0,44.0,-0.07730923694779113,Low
392,RK_De Klomp,2.63,58.0,46.0,-0.07931726907630521,Low
393,RK_Minervabuurt Noord,2.0,68.0,43.0,-0.08032128514056214,Low
394,RK_KNSM-eiland,2.67,9.0,29.0,-0.0803212851405623,Low
395,RK_Cornelis Douwesterrein,1.96,56.0,27.0,-0.08835341365461846,Low
396,RK_Osdorper Bovenpolder,2.92,45.0,65.0,-0.08935742971887539,Low
397,RK_Zamenhofstraat e0o0,2.63,50.0,39.0,-0.09036144578313254,Low
398,RK_Prinses Irenebuurt,2.54,58.0,42.0,-0.10240963855421681,Low
399,RK_Buitenveldert Oost Midden,2.67,56.0,49.0,-0.104417670682731,Very Low
400,RK_Oostzanerdijk,2.83,46.0,58.0,-0.11646586345381538,Very Low
401,RK_Markengouw Zuid,2.75,52.0,55.0,-0.12148594377510036,Very Low
402,RK_Afrikahaven,2.46,51.0,36.0,-0.1576305220883535,Very Low
403,RK_Marcanti,2.42,56.0,39.0,-0.15863453815261042,Very Low
404,RK_Tuindorp Oostzaan West,2.84,45.0,68.0,-0.16967871485943775,Very Low
405,RK_Bedrijventerrein Nieuwendammerdijk,2.46,29.0,30.0,-0.17771084337349397,Very Low
406,RK_Buitenveldert Zuidoost,2.75,49.0,58.0,-0.17771084337349397,Very Low
407,RK_Veluwebuurt,2.58,58.0,50.0,-0.17971887550200794,Very Low
408,RK_Walvisbuurt,2.67,49.0,48.0,-0.1837349397590362,Very Low
409,RK_Hogewey Noord,2.08,63.0,43.0,-0.20481927710843373,Very Low
410,RK_Bedrijventerrein Van Houten,2.21,59.0,40.0,-0.21385542168674704,Very Low
411,RK_AMC,2.38,58.0,44.0,-0.22590361445783125,Very Low
412,RK_Buitenveldert Midden Zuid,2.75,45.0,62.0,-0.22791164658634533,Very Low
413,RK_Dorp Sloten,2.75,40.0,56.0,-0.22891566265060248,Very Low
414,RK_Emanuel van Meterenbuurt,2.84,31.0,67.0,-0.2349397590361446,Very Low
415,RK_Oostoever Sloterplas,2.84,28.0,65.0,-0.23694779116465858,Very Low
416,RK_de Plantage,2.25,56.0,40.0,-0.24598393574297195,Very Low
417,RK_Science Park Zuid,2.63,47.0,49.0,-0.2550200803212852,Very Low
418,RK_Gein Zuidoost,2.63,51.0,53.0,-0.2570281124497992,Very Low
419,RK_Buikslotermeer Noord,2.75,38.0,63.0,-0.28413654618473894,Very Low
420,RK_Ransdorp,2.79,13.0,56.0,-0.29518072289156627,Very Low
421,RK_Ookmeer,2.67,36.0,52.0,-0.31124497991967875,Very Low
422,RK_De Wetbuurt,2.63,49.0,60.0,-0.3273092369477911,Very Low
423,RK_Alexanderplein e0o0,2.21,55.0,44.0,-0.3333333333333333,Very Low
424,RK_Durgerdam,2.75,25.0,64.0,-0.3443775100401606,Very Low
425,RK_L-buurt,2.75,33.0,70.0,-0.35140562248995977,Very Low
426,RK_Kantershof,2.67,41.0,63.0,-0.35642570281124497,Very Low
427,RK_Rijnbuurt Oost,2.33,52.0,46.0,-0.35642570281124497,Very Low
428,RK_Dorp Driemond,2.42,52.0,49.0,-0.35742971887550207,Very Low
429,RK_Werengouw Zuid,2.71,38.0,66.0,-0.36044176706827313,Very Low
430,RK_Nintemanterrein,2.34,54.0,49.0,-0.3624497991967872,Very Low
431,RK_Buiksloterdijk Oost,2.04,52.0,40.0,-0.3634538152610442,Very Low
432,RK_Amstelkwartier West,2.46,52.0,54.0,-0.3744979919678715,Very Low
433,RK_Buiksloterbreek,2.63,40.0,57.0,-0.3755020080321285,Very Low
434,RK_Nelson Mandelapark,1.75,56.0,43.0,-0.37951807228915657,Very Low
435,RK_Zunderdorp,2.75,18.0,69.0,-0.4156626506024096,Very Low
436,RK_Rijnbuurt Midden,2.33,51.0,50.0,-0.4236947791164658,Very Low
437,RK_Noorder IJplas,2.75,17.0,70.0,-0.430722891566265,Very Low
438,RK_Bedrijventerrein Nijverheidslaan,2.29,55.0,58.0,-0.4447791164658635,Very Low
439,RK_Erasmusparkbuurt West,2.58,43.0,64.0,-0.4457831325301204,Very Low
440,RK_Sloterweg e0o0,2.54,39.0,56.0,-0.44979919678714864,Very Low
441,RK_Sportpark Middenmeer Zuid,2.08,52.0,48.0,-0.4598393574297189,Very Low
442,RK_Overbraker Binnenpolder,2.5,51.0,71.0,-0.4789156626506025,Very Low
443,RK_Buitenveldert West Midden,2.46,46.0,62.0,-0.47991967871485947,Very Low
444,RK_Plan van Gool,2.63,35.0,70.0,-0.4879518072289156,Very Low
445,RK_Gein Noordoost,2.46,47.0,65.0,-0.49397590361445776,Very Low
446,RK_Kattenburg,2.34,44.0,54.0,-0.5060240963855421,Very Low
447,RK_Nieuwe Diep/Diemerpark,2.58,26.0,60.0,-0.5080321285140563,Very Low
448,RK_Holysloot,2.71,9.0,73.0,-0.5160642570281124,Very Low
449,RK_Drieburg,1.96,55.0,58.0,-0.5291164658634538,Very Low
450,RK_Zeeburgereiland Zuidwest,2.21,40.0,49.0,-0.535140562248996,Very Low
451,RK_Weespersluis,2.29,38.0,53.0,-0.5592369477911647,Very Low
452,RK_Zwarte Gouw,2.46,22.0,55.0,-0.5672690763052208,Very Low
453,RK_De Heining,2.54,26.0,67.0,-0.5742971887550201,Very Low
454,RK_Sportpark Middenmeer Noord,2.17,49.0,63.0,-0.5813253012048192,Very Low
455,RK_Noorderstrook West,2.58,20.0,67.0,-0.5813253012048193,Very Low
456,RK_Hiltonbuurt,1.92,49.0,56.0,-0.5953815261044177,Very Low
457,RK_Zorgvlied,2.38,32.0,64.0,-0.6164658634538152,Very Low
458,RK_Nieuwendammerdijk Oost,2.17,43.0,61.0,-0.6224899598393574,Very Low
459,RK_Hoge Dijk,2.5,24.0,71.0,-0.6345381526104419,Very Low
460,RK_Buiksloterdijk West,1.92,45.0,57.0,-0.6355421686746988,Very Low
461,RK_Overamstel,2.42,29.0,67.0,-0.6375502008032129,Very Low
462,RK_Aetsveldsepolder,2.25,23.0,54.0,-0.6475903614457831,Very Low
463,RK_Schellingwoude West,2.5,18.0,75.0,-0.678714859437751,Very Low
464,RK_Bretten Oost,2.46,29.0,87.0,-0.6807228915662651,Very Low
465,RK_Buiteneiland,1.71,32.0,52.0,-0.6827309236947792,Very Low
466,RK_Baanakkerspark Noord,2.46,23.0,78.0,-0.6917670682730924,Very Low
467,RK_Rembrandtpark Noord,2.42,27.0,79.0,-0.7068273092369478,Very Low
468,RK_Oosterpark,2.0,39.0,65.0,-0.7108433734939759,Very Low
469,RK_Osdorper Binnenpolder,2.42,23.0,78.0,-0.7208835341365463,Very Low
470,RK_Amstelglorie,2.42,21.0,76.0,-0.7228915662650603,Very Low
471,RK_Bedrijvenpark Lutkemeer,2.38,26.0,78.0,-0.7238955823293173,Very Low
472,RK_Geuzenhofbuurt,1.63,41.0,66.0,-0.746987951807229,Very Low
473,RK_Nieuwe Oosterbegraafplaats,2.09,31.0,69.0,-0.7479919678714859,Very Low
474,RK_Schellingwoude Oost,2.17,25.0,67.0,-0.748995983935743,Very Low
475,RK_Woon- en Groengebied Sloterdijk,2.17,29.0,71.0,-0.7570281124497993,Very Low
476,RK_Oostelijke Vechtoever,2.29,23.0,74.0,-0.7580321285140562,Very Low
477,RK_Amsterdamse Bos,2.42,14.0,80.0,-0.7700803212851406,Very Low
478,RK_Nieuwendammerdijk Zuid,2.46,2.0,97.0,-0.7841365461847389,Very Low
479,RK_Westergasfabriek,1.58,39.0,69.0,-0.7871485943775101,Very Low
480,RK_Nieuwe Meer,2.13,19.0,67.0,-0.7881526104417671,Very Low
481,RK_Schellingwoude Noord,2.13,26.0,72.0,-0.7881526104417671,Very Low
482,RK_Gaasperplas,2.13,19.0,69.0,-0.8012048192771084,Very Low
483,RK_Eendrachtspark,2.21,21.0,79.0,-0.8162650602409638,Very Low
484,RK_Gaasperpark,1.63,29.0,69.0,-0.82429718875502,Very Low
485,RK_Zeeburgerdijk Oost,1.88,27.0,77.0,-0.8433734939759036,Very Low
486,RK_Noorderstrook Oost,1.54,30.0,72.0,-0.8433734939759037,Very Low
487,RK_Rembrandtpark Zuid,2.13,21.0,80.0,-0.8453815261044176,Very Low
488,RK_Frankendael,1.75,23.0,79.0,-0.8885542168674698,Very Low
489,RK_Amstelpark,1.88,18.0,77.0,-0.8895582329317269,Very Low
490,RK_Vondelpark Oost,1.83,20.0,79.0,-0.8965863453815262,Very Low
491,RK_Baanakkerspark Zuid,2.08,12.0,89.0,-0.9006024096385542,Very Low
492,RK_Landelijk gebied Driemond,1.88,17.0,84.0,-0.9166666666666666,Very Low
493,RK_Vliegenbos,1.92,16.0,91.0,-0.926706827309237,Very Low
494,RK_Sloterpark,1.75,10.0,87.0,-0.9447791164658634,Very Low
495,RK_Bretten West,1.75,12.0,89.0,-0.9457831325301205,Very Low
496,RK_Flevopark,1.75,9.0,90.0,-0.9558232931726908,Very Low
497,RK_Beatrixpark,1.21,7.0,91.0,-0.9839357429718876,Very Low
498,RK_Vondelpark West,1.04,5.0,94.0,-0.9919678714859438,Very Low
499,,,,,,
500,,,,,,
